{
  "max_error_trajectory": [
    0.35426,
    0.37526000000000004,
    0.33852000000000004,
    0.32399999999999995,
    0.35696000000000006,
    0.31701999999999997,
    0.33043999999999996,
    0.30482,
    0.30696,
    0.29478000000000004,
    0.30106,
    0.26834,
    0.27492000000000005,
    0.26404000000000005,
    0.27193999999999996,
    0.25686,
    0.28722000000000003,
    0.27015999999999996,
    0.26014000000000004,
    0.2126,
    0.23385999999999996,
    0.25082000000000004,
    0.20042000000000004,
    0.21052000000000004,
    0.16012656304577394,
    0.19855999999999996,
    0.17732000000000003,
    0.1664,
    0.17245999999999995,
    0.15166000000000002,
    0.14903999999999995,
    0.173606563045774,
    0.21450000000000002,
    0.155126563045774,
    0.16601999999999995,
    0.16383999999999999,
    0.17146656304577396,
    0.20128000000000001,
    0.14473999999999998,
    0.16281999999999996,
    0.15512000000000004,
    0.12107999999999997,
    0.16076000000000001,
    0.13229999999999997,
    0.14932656304577396,
    0.11878,
    0.142966563045774,
    0.17556656304577395,
    0.14615999999999996,
    0.15006656304577398,
    0.12818656304577397,
    0.15354,
    0.12246000000000001,
    0.13356,
    0.10814656304577397,
    0.130866563045774,
    0.15073999999999999,
    0.11158000000000001,
    0.1259,
    0.11773999999999996
  ],
  "acceptance_rates": [
    0.17853846153846153,
    0.18121153846153845,
    0.1820576923076923,
    0.17642307692307693,
    0.1786923076923077,
    0.18209615384615385,
    0.18,
    0.1768076923076923,
    0.18123076923076922,
    0.18526923076923077,
    0.1835,
    0.18484615384615385,
    0.18484615384615385,
    0.18390384615384614,
    0.18359615384615385,
    0.18136538461538462,
    0.1830576923076923,
    0.1820576923076923,
    0.19073076923076923,
    0.1851346153846154,
    0.18684615384615386,
    0.18875,
    0.18444230769230768,
    0.18884615384615386,
    0.18528846153846154,
    0.18276923076923077,
    0.18090384615384617,
    0.1864230769230769,
    0.18276923076923077,
    0.18478846153846154,
    0.18782692307692309,
    0.18548076923076923,
    0.18719230769230769,
    0.18776923076923077,
    0.18182692307692308,
    0.1836730769230769,
    0.1821346153846154,
    0.18296153846153845,
    0.18115384615384617,
    0.1816730769230769,
    0.18176923076923077,
    0.18119230769230768,
    0.18694230769230769,
    0.17790384615384616,
    0.17721153846153845,
    0.17532692307692307,
    0.1766923076923077,
    0.17842307692307693,
    0.17882692307692308,
    0.17490384615384616,
    0.17809615384615385,
    0.17586538461538462,
    0.17759615384615385,
    0.1771923076923077,
    0.16988461538461538,
    0.17561538461538462,
    0.17667307692307693,
    0.17051923076923076,
    0.17476923076923076,
    0.17309615384615384
  ],
  "final_lambda": [
    3.5114399155909015,
    1.4792638267981528,
    3.8000471221263266,
    -3.8645756075656217,
    -3.4509624212111394,
    -0.005485049909279456,
    4.083969864573332,
    -2.3518541676350617,
    1.2114647698191965,
    2.709125577381984,
    2.988151908145847,
    3.1541818675590627,
    0.07918839151510046,
    -4.491965118901419,
    1.4493580975271492,
    -0.9028894137257252,
    3.3383300501842332,
    3.0247514583332302,
    -1.8888266316339646,
    -2.832572629277358,
    -2.1982907635026434,
    -0.5206336169475785,
    3.807727623525946,
    -3.903416618592413,
    -3.5698075827421003,
    3.497846986603165,
    3.512176010978323,
    3.932390721391596,
    0.0420156653251652,
    -2.532567336032423,
    3.907089925952277,
    3.863874312848121,
    -1.743646288146964,
    2.5628307379252164,
    -2.166121128376492,
    -2.509127994103805,
    -2.899828978159839,
    -2.5882540751462924,
    -1.9857001952910347,
    -1.1835245386427677,
    -0.8401656792738731,
    -1.1252386043027358,
    -1.9681566816182603,
    -3.3822739089820772,
    -3.9259792099139776,
    -3.9259792099139776,
    -3.9306938545520604,
    -1.694539882642046,
    -1.5487884432585903,
    -0.8249196774416547,
    0.7645807086459523,
    -3.8863036989799036,
    -1.0378876530921475,
    -4.814942369313726,
    -4.301161604211243,
    -1.9749057924390647
  ],
  "mh_diagnostics": {
    "n_samples_full": 500000,
    "n_samples_saved": 25000,
    "ess_min": 3676.5653809353084,
    "ess_mean": 7491.246140765538,
    "ess_r_control": 4453.353333471733,
    "tau_r_control": 112.27494486951282,
    "ess_efficiency": 0.007353130761870617
  }
}