{
  "max_error_trajectory": [
    0.05526448503131931,
    0.09006448503131936,
    0.059168134399743666,
    0.039504485031319314,
    0.0328285354372862,
    0.03634448503131937,
    0.06763449661053578,
    0.10154448503131941,
    0.055315289349723074,
    0.0731527295925794,
    0.07175272959257939,
    0.05263528934972306,
    0.0722127295925794,
    0.043035289349723005,
    0.08349528934972306,
    0.055135289349723005,
    0.06403272959257938,
    0.07301272959257943,
    0.05872448503131933,
    0.06961272959257941,
    0.07289272959257942,
    0.05026813439974365,
    0.05595528934972305,
    0.059570756814125825,
    0.04647272959257942,
    0.0733444850313194,
    0.04158202908048658,
    0.04306448503131932,
    0.08964448503131939,
    0.05931272959257944,
    0.03419791729798885,
    0.03483272959257944,
    0.05697528934972307,
    0.08949528934972306,
    0.041997970919513405,
    0.0720927295925794,
    0.055948134399743665,
    0.05336813439974364,
    0.07773528934972307,
    0.03346533737948865,
    0.045085073746706894,
    0.04058202908048658,
    0.045330756814125794,
    0.043884485031319365,
    0.06371528934972304,
    0.07612813439974364,
    0.060735289349723054,
    0.06020813439974371,
    0.10799528934972302,
    0.034145841025025214,
    0.05104448503131931,
    0.035184485031319324,
    0.034432729592579425,
    0.025272729592579424
  ],
  "acceptance_rates": [
    0.17398076923076924,
    0.17490384615384616,
    0.16307692307692306,
    0.16501923076923078,
    0.1683076923076923,
    0.1678076923076923,
    0.1688076923076923,
    0.16392307692307692,
    0.17142307692307693,
    0.17090384615384616,
    0.16678846153846155,
    0.16921153846153847,
    0.16613461538461538,
    0.17040384615384616,
    0.1759423076923077,
    0.16990384615384616,
    0.1648076923076923,
    0.15851923076923077,
    0.1715576923076923,
    0.1696923076923077,
    0.1719423076923077,
    0.16521153846153847,
    0.17398076923076924,
    0.1713076923076923,
    0.16065384615384615,
    0.16323076923076923,
    0.16255769230769232,
    0.1665,
    0.16501923076923078,
    0.16253846153846155,
    0.16721153846153847,
    0.16503846153846155,
    0.17275,
    0.1734423076923077,
    0.1686153846153846,
    0.16482692307692307,
    0.16226923076923078,
    0.16340384615384615,
    0.17223076923076924,
    0.16726923076923078,
    0.1664423076923077,
    0.16813461538461538,
    0.17265384615384616,
    0.16498076923076924,
    0.1720576923076923,
    0.1631923076923077,
    0.1723076923076923,
    0.16296153846153846,
    0.18144230769230768,
    0.1668076923076923,
    0.16898076923076924,
    0.16573076923076924,
    0.1656923076923077,
    0.16657692307692307
  ],
  "max_reject_streaks": [
    69,
    83,
    90,
    88,
    73,
    72,
    73,
    82,
    93,
    115,
    78,
    100,
    87,
    82,
    82,
    82,
    84,
    101,
    71,
    77,
    64,
    81,
    98,
    80,
    100,
    101,
    84,
    89,
    89,
    78,
    72,
    76,
    77,
    92,
    89,
    162,
    71,
    77,
    93,
    92,
    72,
    85,
    79,
    71,
    91,
    67,
    74,
    102,
    84,
    165,
    106,
    86,
    80,
    83
  ],
  "final_lambda": [
    1.2613802396609486,
    0.9148239794845204,
    0.8417727049736867,
    0.009129519955576534,
    1.051326580125026,
    -0.03656960749176303,
    0.9360967370353632,
    -2.472285915015528,
    1.1034676952406166,
    2.7873962163845607,
    -2.5354324372130987,
    0.4645496354327775,
    -0.363828213420089,
    -3.5354554419344897,
    0.9226149690119174,
    -1.160345140874712,
    0.9086567230343622,
    2.834506816536203,
    -2.044854932695621,
    -1.724056686148014,
    -2.334683220856496,
    -1.1076484714037271,
    1.9885133345670079,
    -2.315034174553638,
    -1.6174164608314452,
    3.398159084133498,
    1.2885411328144631,
    2.2022818046430026,
    -0.3856300919550495,
    1.3185370603524156,
    2.1712896035771476,
    2.1095993022403223,
    -2.8330262807408637,
    2.3769233174444144,
    -0.13572089558849215,
    -1.2406880833968355,
    -2.2280941749694367,
    -2.3717877646504495,
    -2.1720908471591005,
    -1.7385723523325223,
    -1.5850881881945604,
    -1.098105386425853,
    -1.2372432287641812,
    -0.9846914582247379,
    -4.357173315422578,
    -4.753416592323535,
    -5.941598759828859,
    -5.411410576786677,
    -2.4427943626760977,
    3.5109780030178497,
    -5.466302827131055,
    -5.469950810504087,
    -5.505959138057861,
    -5.660319655730914,
    -5.833597458339884,
    -4.857473488125997,
    -4.167205160934856,
    1.9702854614445755,
    0.3514149051923212,
    -3.819793167722068,
    -0.923086007134831,
    -4.614447595542207,
    -4.735544094989389,
    -2.51771800785392
  ],
  "mh_diagnostics": {
    "n_samples_full": 500000,
    "n_samples_saved": 50000,
    "ess_min": 3677.0801561833478,
    "ess_mean": 6845.555888042406,
    "ess_r_control": 5091.91586586752,
    "tau_r_control": 98.19486675960896,
    "ess_efficiency": 0.007354160312366695,
    "max_reject_streak": 165
  }
}