{
  "max_error_trajectory": [
    0.28328,
    0.274168763194805,
    0.27558876319480496,
    0.27366876319480504,
    0.26014000000000004,
    0.26724000000000003,
    0.21118000000000003,
    0.22570876319480504,
    0.25371999999999995,
    0.2096,
    0.207228763194805,
    0.18564876319480494,
    0.21699999999999997,
    0.19472,
    0.19296000000000002,
    0.19818000000000002,
    0.17845999999999995,
    0.1894,
    0.18594,
    0.18176000000000003,
    0.21687999999999996,
    0.16212000000000004,
    0.1764,
    0.22338000000000002,
    0.17102656304577396,
    0.16308656304577396,
    0.18176000000000003,
    0.16352656304577395,
    0.16690000000000005,
    0.18862,
    0.18430656304577397,
    0.14988656304577397,
    0.15158656304577395,
    0.17864000000000002,
    0.19923999999999997,
    0.14149999999999996,
    0.15728656304577399,
    0.16116656304577398,
    0.12972656304577396,
    0.16670656304577397,
    0.14915999999999996,
    0.12334656304577396,
    0.15582656304577397,
    0.15612000000000004,
    0.15324000000000004,
    0.14292000000000005,
    0.16601999999999995,
    0.15710656304577397,
    0.14398656304577395,
    0.16048656304577397,
    0.13478656304577397,
    0.13395999999999997,
    0.16394656304577399,
    0.11963999999999997,
    0.13240656304577397,
    0.14459999999999995,
    0.12760656304577395,
    0.16678000000000004,
    0.18464000000000003,
    0.11654656304577399
  ],
  "acceptance_rates": [
    0.1928269230769231,
    0.1971153846153846,
    0.19034615384615386,
    0.19275,
    0.19601923076923078,
    0.19671153846153847,
    0.19946153846153847,
    0.1956923076923077,
    0.1995576923076923,
    0.19734615384615384,
    0.19796153846153847,
    0.20142307692307693,
    0.19926923076923078,
    0.20165384615384616,
    0.19840384615384615,
    0.19884615384615384,
    0.20278846153846153,
    0.2033076923076923,
    0.20121153846153847,
    0.20653846153846153,
    0.20332692307692307,
    0.2055576923076923,
    0.203,
    0.20923076923076922,
    0.2086923076923077,
    0.20026923076923078,
    0.20875,
    0.20121153846153847,
    0.2008076923076923,
    0.20540384615384616,
    0.20396153846153847,
    0.20196153846153847,
    0.2059423076923077,
    0.2050576923076923,
    0.20598076923076922,
    0.20611538461538462,
    0.2083076923076923,
    0.20317307692307693,
    0.20338461538461539,
    0.20553846153846153,
    0.2035,
    0.20234615384615384,
    0.20409615384615384,
    0.20421153846153847,
    0.19938461538461538,
    0.20453846153846153,
    0.20951923076923076,
    0.20365384615384616,
    0.20028846153846153,
    0.20275,
    0.20173076923076924,
    0.20282692307692307,
    0.20209615384615384,
    0.19978846153846153,
    0.19703846153846155,
    0.19607692307692307,
    0.19703846153846155,
    0.2026153846153846,
    0.20307692307692307,
    0.20173076923076924
  ],
  "final_lambda": [
    3.5290435084039196,
    1.5046051450102087,
    3.811128473055619,
    -3.824970264494089,
    -3.3874079507758137,
    0.061594126616142046,
    4.066251314017729,
    -2.2806955809679375,
    1.226735848380418,
    2.705262552185964,
    2.9784206871253116,
    3.1615012251122336,
    0.10446299733324187,
    -4.469977873112686,
    1.4835775334395631,
    -0.8536285647961568,
    3.327800340101862,
    3.0310293100213794,
    0.8584740183147134,
    -1.860359158449284,
    -2.791209686250573,
    -2.1136539886311483,
    -0.46509564653518826,
    3.8104966905738293,
    -3.86449990754511,
    -3.566060516649143,
    3.4663932615133195,
    3.50993611121257,
    3.9504599467224044,
    0.05997966000968992,
    -2.488803366191031,
    3.9065290189537447,
    3.900696713209226,
    -1.7214860707813522,
    2.577922918927743,
    -2.073319053950617,
    -2.3152752639963365,
    -2.636932310447065,
    -2.2497555394385373,
    -1.6570885948184826,
    -0.925877526103381,
    -0.6981550247827188,
    0.1290454332008764,
    -2.1876788752372684,
    -3.5909788465390777,
    -3.9259792099139776,
    -3.9259792099139776,
    -3.930439219256592,
    -1.7155190632750508,
    -1.5578738944236725,
    -0.7951096809390374,
    -4.326234286117409,
    -1.9752850905040866
  ]
}