{
  "max_error_trajectory": [
    0.33328,
    0.3377,
    0.33872,
    0.32987999999999995,
    0.30223999999999995,
    0.28052,
    0.27527999999999997,
    0.25148000000000004,
    0.27434000000000003,
    0.24539999999999995,
    0.26422,
    0.22402,
    0.24860000000000004,
    0.21392,
    0.24134,
    0.22158,
    0.21072000000000002,
    0.19210000000000005,
    0.20933999999999997,
    0.18754000000000004,
    0.22531999999999996,
    0.16620000000000001,
    0.16288000000000002,
    0.20879999999999999,
    0.15896,
    0.14590000000000003,
    0.15176,
    0.16118,
    0.14403999999999995,
    0.14212000000000002,
    0.14134000000000002,
    0.12119999999999997,
    0.13204656304577395,
    0.16727999999999998,
    0.12750656304577396,
    0.13532,
    0.14392000000000005,
    0.11009999999999998,
    0.12890000000000001,
    0.14620656304577395,
    0.13507999999999998,
    0.10416448503131936,
    0.10546,
    0.15339999999999998,
    0.13176656304577394,
    0.10458,
    0.12878,
    0.14076656304577395,
    0.14190656304577398,
    0.11450656304577395,
    0.13056,
    0.1315044850313194,
    0.165226563045774,
    0.10529999999999995,
    0.13990656304577398,
    0.12120656304577399,
    0.11614656304577398,
    0.0969844850313194,
    0.11410656304577399,
    0.10888656304577399
  ],
  "acceptance_rates": [
    0.2241923076923077,
    0.22626923076923078,
    0.2240769230769231,
    0.22209615384615386,
    0.22773076923076924,
    0.22605769230769232,
    0.22942307692307692,
    0.22665384615384615,
    0.22632692307692306,
    0.2263653846153846,
    0.22601923076923078,
    0.22773076923076924,
    0.22601923076923078,
    0.2248653846153846,
    0.2195,
    0.22217307692307692,
    0.22288461538461538,
    0.21948076923076923,
    0.22028846153846154,
    0.22142307692307692,
    0.22196153846153846,
    0.22148076923076923,
    0.22334615384615383,
    0.2213653846153846,
    0.22025,
    0.2116346153846154,
    0.21928846153846154,
    0.21696153846153846,
    0.21309615384615385,
    0.216,
    0.21690384615384614,
    0.21190384615384616,
    0.2145,
    0.21534615384615385,
    0.21448076923076922,
    0.21294230769230768,
    0.21217307692307694,
    0.21211538461538462,
    0.2084423076923077,
    0.21251923076923077,
    0.20775,
    0.2091923076923077,
    0.2073076923076923,
    0.20732692307692308,
    0.20515384615384616,
    0.2083846153846154,
    0.21175,
    0.20923076923076922,
    0.20557692307692307,
    0.20361538461538461,
    0.20559615384615385,
    0.1984423076923077,
    0.20209615384615384,
    0.20492307692307693,
    0.20040384615384615,
    0.19298076923076923,
    0.19625,
    0.1965576923076923,
    0.19907692307692307,
    0.20009615384615384
  ],
  "final_lambda": [
    3.6019684354229704,
    1.1407088175422866,
    3.8686365135477967,
    -3.898426090442034,
    -3.5180571480643774,
    -0.17183090121500424,
    4.124694827024331,
    -2.500051885291892,
    0.880784700007925,
    2.3806947882157465,
    3.0757756747872405,
    3.261518775066116,
    -0.22509185307431112,
    -4.524536455297461,
    1.262874430961587,
    -1.1524662356779283,
    3.4421438362377885,
    2.7135399103907023,
    0.4973976182783383,
    -2.107248264121279,
    -2.949365240930355,
    -2.33897150970811,
    -0.7815879362056461,
    3.899406910547985,
    -3.9628078568901084,
    -3.6774706652857057,
    3.179711359874262,
    3.6009509573152814,
    4.025797397468987,
    -0.30084681674685904,
    -2.66919193745414,
    3.963477708988521,
    3.971773924652614,
    -2.018077369201156,
    2.2633231780850056,
    -2.495782446663182,
    -4.197284666332942,
    -2.1727060685531683
  ],
  "mh_diagnostics": {
    "n_samples_full": 500000,
    "n_samples_saved": 50000,
    "ess_min": 4224.242329955858,
    "ess_mean": 8033.260483646179,
    "ess_r_control": 5027.911616907333,
    "tau_r_control": 99.44486659603413,
    "ess_efficiency": 0.008448484659911715
  }
}