{
  "max_error_trajectory": [
    0.03768202908048657,
    0.07376448503131938,
    0.0385127295925794,
    0.05671272959257939,
    0.04805272959257939,
    0.06513528934972301,
    0.055172729592579406,
    0.057124485031319394,
    0.059208134399743706,
    0.11543272959257944,
    0.09447272959257941,
    0.06689272959257941,
    0.0756281343997437,
    0.038408134399743665,
    0.0488927295925794,
    0.05973075681412582,
    0.05811797091951343,
    0.08535528934972303,
    0.04879272959257941,
    0.06583272959257941,
    0.051695289349723006,
    0.05055528934972309,
    0.06639528934972305,
    0.0856514645627138,
    0.0573620290804866,
    0.0689952893497231,
    0.04132853543728621,
    0.05437272959257944,
    0.04690448503131939,
    0.09857528934972304,
    0.0627727295925794,
    0.0815327295925794,
    0.06791528934972302,
    0.06054448503131937,
    0.04108813439974368,
    0.05153272959257943,
    0.05416448503131932,
    0.06520448503131937,
    0.0777844850313194,
    0.04678813439974372,
    0.06827528934972305,
    0.07683528934972306,
    0.11188448503131931,
    0.05090448503131939,
    0.07663528934972308,
    0.041490756814125784,
    0.12200448503131933,
    0.0699327295925794,
    0.1319444850313194,
    0.0706552893497231,
    0.03802448503131939,
    0.12587528934972303,
    0.0738127295925794,
    0.054157970919513465,
    0.07867528934972301,
    0.05321445553797788,
    0.04314202908048659,
    0.06642202908048656,
    0.10060448503131936,
    0.04872448503131932
  ],
  "acceptance_rates": [
    0.16209615384615383,
    0.16557692307692307,
    0.1613653846153846,
    0.1628653846153846,
    0.16067307692307692,
    0.17032692307692307,
    0.1626153846153846,
    0.1608269230769231,
    0.1596923076923077,
    0.15671153846153846,
    0.16438461538461538,
    0.1684423076923077,
    0.15671153846153846,
    0.15930769230769232,
    0.16515384615384615,
    0.15901923076923077,
    0.16323076923076923,
    0.16417307692307692,
    0.16509615384615384,
    0.1625,
    0.16588461538461538,
    0.16515384615384615,
    0.16715384615384615,
    0.16128846153846155,
    0.16088461538461538,
    0.16938461538461538,
    0.15915384615384615,
    0.15682692307692309,
    0.15784615384615386,
    0.169,
    0.1601923076923077,
    0.1638653846153846,
    0.17088461538461538,
    0.1601153846153846,
    0.15771153846153846,
    0.16334615384615384,
    0.16463461538461538,
    0.1615,
    0.1598269230769231,
    0.15996153846153846,
    0.1666153846153846,
    0.16763461538461538,
    0.16832692307692307,
    0.1606153846153846,
    0.16859615384615384,
    0.16942307692307693,
    0.17121153846153847,
    0.16034615384615383,
    0.17242307692307693,
    0.16853846153846153,
    0.15992307692307692,
    0.1714423076923077,
    0.15801923076923077,
    0.16155769230769232,
    0.16448076923076924,
    0.16103846153846155,
    0.16401923076923078,
    0.15425,
    0.16284615384615383,
    0.16025
  ],
  "max_reject_streaks": [
    163,
    113,
    151,
    171,
    140,
    91,
    188,
    174,
    146,
    186,
    106,
    81,
    325,
    209,
    128,
    268,
    103,
    165,
    154,
    147,
    136,
    171,
    159,
    95,
    128,
    194,
    130,
    135,
    231,
    220,
    118,
    234,
    121,
    132,
    112,
    166,
    138,
    144,
    115,
    108,
    103,
    105,
    120,
    97,
    117,
    91,
    123,
    270,
    120,
    137,
    169,
    165,
    129,
    151,
    170,
    138,
    164,
    204,
    235,
    118
  ],
  "final_lambda": [
    1.3404976706851814,
    1.4303479599057451,
    1.0361542260233412,
    -2.96015896413604,
    -2.6131175719572473,
    0.13477841588182066,
    1.1814442331064998,
    -2.32759492989725,
    1.3328321896245112,
    3.0001671952870734,
    -2.34637595785406,
    0.5766917965790446,
    -0.1352549413550197,
    -4.428691497062456,
    1.138226092681735,
    -0.9568995713352115,
    0.9882095284544977,
    3.0576513638717024,
    -1.8835900591908117,
    -3.503752899698872,
    -2.1679440626738717,
    -0.9090474497312901,
    1.9770067351343101,
    -3.7580103113932393,
    -3.446669380997457,
    3.5936810561691583,
    1.3705645243151774,
    2.208252402299946,
    -0.20222691110592098,
    -2.48806271013528,
    2.201792947193771,
    2.1083555612277864,
    -2.9042969250593713,
    2.5994996288036045,
    -0.5936031592877863,
    -1.6301512912566758,
    -2.4104915746905857,
    -2.302860319942058,
    -1.8188225011951964,
    -1.1005420933920647,
    -0.6780117034340102,
    -0.7406177953441864,
    -1.4519177798190588,
    -2.6846871788039945,
    -4.28219366538106,
    -4.847446860073655,
    -6.149683367156845,
    -5.5216846944129205,
    -2.3139362384324595,
    3.7195292214370395,
    0.5734263272689885,
    -3.8181027149744353,
    -1.0587989813415166,
    -4.671077643692845,
    -5.046318644933315,
    -2.526425734380865
  ],
  "mh_diagnostics": {
    "n_samples_full": 1000000,
    "n_samples_saved": 25000,
    "ess_min": 7550.927227646184,
    "ess_mean": 13519.100169563082,
    "ess_r_control": 8744.199618024302,
    "tau_r_control": 114.36152463156415,
    "ess_efficiency": 0.007550927227646185,
    "max_reject_streak": 325
  }
}