{
  "max_error_trajectory": [
    0.0823444850313193,
    0.0705281343997437,
    0.06864813439974371,
    0.07497272959257939,
    0.0659327295925794,
    0.06707272959257943,
    0.06056813439974362,
    0.07832448503131939,
    0.05287272959257944,
    0.0570527295925794,
    0.10203272959257936,
    0.06670813439974366,
    0.0695241434955921,
    0.08032414349559203,
    0.05881272959257944,
    0.05904813439974366,
    0.07358414349559206,
    0.058712729592579394,
    0.0620527295925794,
    0.12485272959257943,
    0.053070262182970424,
    0.07910813439974362,
    0.06463272959257943,
    0.07297075681412579,
    0.08143272959257941,
    0.04791272959257942,
    0.06788813439974373,
    0.05064448503131935,
    0.09645272959257944,
    0.0813127295925794,
    0.04314813439974363,
    0.056272729592579396,
    0.05443528934972308,
    0.08417528934972307,
    0.0799727295925794,
    0.05509272959257944,
    0.0667127295925794,
    0.05962448503131934,
    0.0445940745772365,
    0.04661528934972303,
    0.061464485031319405,
    0.06944448503131939,
    0.06768448503131941,
    0.08384448503131936,
    0.09523272959257945,
    0.059128134399743626,
    0.054204143495592105,
    0.0677481343997437,
    0.08269528934972303,
    0.07480414349559206,
    0.036448134399743704,
    0.044028134399743624,
    0.05327528934972303,
    0.06267797091951344,
    0.0630527295925794,
    0.04560813439974365,
    0.07261272959257942,
    0.05526202908048661,
    0.05500448503131938,
    0.0553327295925794
  ],
  "acceptance_rates": [
    0.17259615384615384,
    0.17209615384615384,
    0.17071153846153847,
    0.17057692307692307,
    0.17017307692307693,
    0.17323076923076924,
    0.16963461538461538,
    0.16882692307692307,
    0.16984615384615384,
    0.17396153846153847,
    0.1695576923076923,
    0.16634615384615384,
    0.17221153846153847,
    0.16773076923076924,
    0.1648653846153846,
    0.1661153846153846,
    0.17051923076923076,
    0.16392307692307692,
    0.17253846153846153,
    0.16798076923076924,
    0.16898076923076924,
    0.1674423076923077,
    0.1683076923076923,
    0.17382692307692307,
    0.16621153846153847,
    0.16842307692307693,
    0.1655,
    0.1673653846153846,
    0.16853846153846153,
    0.16692307692307692,
    0.16773076923076924,
    0.16801923076923078,
    0.1751923076923077,
    0.1723076923076923,
    0.16828846153846153,
    0.1668653846153846,
    0.16690384615384615,
    0.1678076923076923,
    0.16915384615384615,
    0.16821153846153847,
    0.16425,
    0.16875,
    0.17211538461538461,
    0.16390384615384615,
    0.1656923076923077,
    0.17121153846153847,
    0.16698076923076924,
    0.165,
    0.17311538461538462,
    0.16663461538461538,
    0.1641153846153846,
    0.16067307692307692,
    0.16976923076923076,
    0.17009615384615384,
    0.16642307692307692,
    0.16128846153846155,
    0.16721153846153847,
    0.16215384615384615,
    0.16501923076923078,
    0.16292307692307692
  ],
  "max_reject_streaks": [
    88,
    98,
    64,
    84,
    78,
    86,
    78,
    68,
    95,
    109,
    99,
    86,
    85,
    100,
    100,
    132,
    96,
    103,
    98,
    64,
    70,
    61,
    151,
    94,
    99,
    89,
    92,
    133,
    148,
    114,
    95,
    83,
    82,
    101,
    107,
    103,
    101,
    112,
    89,
    112,
    118,
    121,
    115,
    103,
    138,
    251,
    121,
    102,
    200,
    93,
    230,
    129,
    143,
    136,
    85,
    110,
    235,
    262,
    149,
    137
  ],
  "final_lambda": [
    1.9336138926258228,
    1.4258127292723135,
    1.850200360920402,
    -3.1965191521879324,
    -2.7526283903855835,
    -0.20646995640049107,
    2.0959415389949383,
    -2.3830275090064443,
    1.3399003469554818,
    3.003669773789824,
    -1.0217151888912246,
    1.2260402956797878,
    -0.15083814987286245,
    -4.482339519040395,
    0.582135058517077,
    -0.9852462042791829,
    1.6273218060606203,
    3.025723256989914,
    -1.9106345054204852,
    -3.579946900620934,
    -2.2043346405643196,
    -0.9464353675211195,
    2.58936936837381,
    -3.8465283279858498,
    -3.546803194422332,
    3.5275924965627055,
    2.0091423260139005,
    2.7971045928135974,
    0.08516871865093717,
    -2.5440559557615154,
    2.7646632038072982,
    2.7182562055572768,
    -1.579660520423282,
    2.5834188659052413,
    -1.3276003499149351,
    -2.0790099543830793,
    -2.7901542048328585,
    -2.7863809259056955,
    -2.384180244746626,
    -1.7207708491554754,
    -1.3618106228089093,
    -1.156761984254158,
    -1.6023960825034582,
    -2.259675843430174,
    -4.657792748923771,
    -4.675424619702421,
    -5.0113328367350505,
    -4.541552096426346,
    -2.630377187407358,
    2.121063885175055,
    0.5536511878901826,
    -3.829278223071844,
    -0.9721274119769041,
    -4.7267985655812526,
    -3.600767247117566,
    -1.878313896995945
  ],
  "mh_diagnostics": {
    "n_samples_full": 500000,
    "n_samples_saved": 25000,
    "ess_min": 4056.719271552457,
    "ess_mean": 7349.370122634699,
    "ess_r_control": 4734.574456602134,
    "tau_r_control": 105.60611192897692,
    "ess_efficiency": 0.008113438543104914,
    "max_reject_streak": 262
  }
}