{
  "max_error_trajectory": [
    0.040728134399743654,
    0.06720813439974371,
    0.05780448503131941,
    0.05508813439974369,
    0.040508134399743656,
    0.03909272959257942,
    0.0380727295925794,
    0.06292448503131931,
    0.034334074577236494,
    0.09925272959257936,
    0.12223272959257936,
    0.11049272959257939,
    0.0672420290804866,
    0.04147075681412582,
    0.06525528934972302,
    0.04460448503131931,
    0.05094813439974366,
    0.06549528934972304,
    0.05111797091951342,
    0.04937528934972302,
    0.07325272959257939,
    0.05418448503131934,
    0.06003272959257944,
    0.04543075681412578,
    0.06504202908048662,
    0.06588448503131938,
    0.06868448503131941,
    0.04754448503131936,
    0.04986448503131935,
    0.040588134399743625,
    0.06825272959257939,
    0.04071272959257943,
    0.06369272959257943,
    0.06985528934972307,
    0.0522081343997437,
    0.05109272959257943,
    0.07679528934972302,
    0.059448134399743724,
    0.07294448503131934,
    0.044988134399743696,
    0.041828134399743644,
    0.07230448503131937,
    0.0733444850313194,
    0.0435844850313194,
    0.04029528934972304,
    0.04053528934972306,
    0.05244202908048656,
    0.05940414349559209,
    0.131835289349723,
    0.08607528934972308,
    0.052064524667323864,
    0.0674352893497231,
    0.05285272959257942,
    0.06225797091951346,
    0.06539528934972305,
    0.06285272959257943,
    0.04363272959257941,
    0.038655289349723065,
    0.07686448503131937,
    0.028905544462022092
  ],
  "acceptance_rates": [
    0.1674423076923077,
    0.16284615384615383,
    0.16128846153846155,
    0.16273076923076923,
    0.16378846153846155,
    0.16946153846153847,
    0.16384615384615384,
    0.1611153846153846,
    0.1661923076923077,
    0.16190384615384615,
    0.16675,
    0.1659423076923077,
    0.16532692307692307,
    0.1616153846153846,
    0.1685,
    0.16123076923076923,
    0.16117307692307692,
    0.16376923076923078,
    0.167,
    0.16934615384615384,
    0.16832692307692307,
    0.1636153846153846,
    0.16203846153846155,
    0.1655,
    0.16078846153846155,
    0.16367307692307692,
    0.16355769230769232,
    0.16351923076923078,
    0.16546153846153847,
    0.16275,
    0.1616923076923077,
    0.16726923076923078,
    0.16678846153846155,
    0.16315384615384615,
    0.15748076923076923,
    0.16723076923076924,
    0.16701923076923078,
    0.16234615384615383,
    0.16271153846153846,
    0.16130769230769232,
    0.16176923076923078,
    0.16401923076923078,
    0.17242307692307693,
    0.15903846153846155,
    0.16123076923076923,
    0.17157692307692307,
    0.16290384615384615,
    0.16817307692307693,
    0.1743076923076923,
    0.1715,
    0.15586538461538463,
    0.1624423076923077,
    0.16398076923076924,
    0.16221153846153846,
    0.1674423076923077,
    0.16180769230769232,
    0.16009615384615383,
    0.16096153846153846,
    0.1700576923076923,
    0.16146153846153846
  ],
  "max_reject_streaks": [
    150,
    111,
    105,
    112,
    140,
    110,
    91,
    99,
    103,
    183,
    142,
    176,
    142,
    223,
    127,
    170,
    110,
    125,
    161,
    69,
    102,
    109,
    241,
    191,
    119,
    123,
    126,
    144,
    119,
    146,
    94,
    89,
    141,
    140,
    119,
    209,
    132,
    134,
    115,
    112,
    101,
    120,
    145,
    125,
    166,
    158,
    142,
    270,
    126,
    146,
    98,
    125,
    153,
    90,
    103,
    115,
    164,
    204,
    133,
    121
  ],
  "final_lambda": [
    1.5905717027630395,
    1.4533303147228287,
    1.3649412458567276,
    -3.0193471560771212,
    -2.6570453378993646,
    -0.0015711424484631405,
    1.551797712615578,
    -2.3465046987531926,
    1.3235114699927093,
    3.0141245901882447,
    -1.736710909789746,
    0.8452108210437407,
    -0.15062756604905583,
    -4.444889613174249,
    0.8896081191968652,
    -0.9751926148997629,
    1.2307251753761872,
    3.073371666458798,
    -1.898953131076158,
    -3.5340375185125503,
    -2.1730066313723078,
    -0.9197626884530642,
    2.232271570922393,
    -3.791832604429121,
    -3.4764097851688263,
    3.590102979750141,
    1.6152767225428244,
    2.45908970187527,
    -0.08158968996032767,
    -2.5116041298942484,
    2.4339202346853206,
    2.382180315731184,
    -2.267421937972672,
    2.608028531841577,
    -0.9072204275540763,
    -1.859763043948424,
    -2.6321971531078048,
    -2.5741186460990715,
    -2.105013651021226,
    -1.394854419514276,
    -0.9848404114483342,
    -0.9410023931715537,
    -1.5413771355877208,
    -2.513322635883213,
    -4.471208694768333,
    -4.620109049799293,
    -5.542275974356308,
    -5.154272580174058,
    -2.5377057006145414,
    2.930156395692638,
    0.5595375395127468,
    -3.8252326770088767,
    -1.0161784424885387,
    -4.692679432755145,
    -4.372163354753817,
    -2.240883228979426
  ],
  "mh_diagnostics": {
    "n_samples_full": 500000,
    "n_samples_saved": 25000,
    "ess_min": 3904.3780843684294,
    "ess_mean": 7014.5971331584915,
    "ess_r_control": 4437.180603683945,
    "tau_r_control": 112.68416696513947,
    "ess_efficiency": 0.007808756168736859,
    "max_reject_streak": 270
  }
}