{
  "max_error_trajectory": [
    0.36297999999999997,
    0.36175999999999997,
    0.31076000000000004,
    0.31938,
    0.32726,
    0.33372,
    0.32384,
    0.29084,
    0.30611999999999995,
    0.27305999999999997,
    0.27924000000000004,
    0.26536000000000004,
    0.27181999999999995,
    0.2803,
    0.30210000000000004,
    0.24970000000000003,
    0.26605999999999996,
    0.20914,
    0.26393999999999995,
    0.25188,
    0.23214,
    0.17501999999999995,
    0.19977999999999996,
    0.23704000000000003,
    0.19177999999999995,
    0.18986000000000003,
    0.20165999999999995,
    0.18322000000000005,
    0.19045999999999996,
    0.19111999999999996,
    0.18157999999999996,
    0.16766000000000003,
    0.2077,
    0.15912000000000004,
    0.19613999999999998,
    0.17184,
    0.19308000000000003,
    0.21326,
    0.14548000000000005,
    0.1412,
    0.13439999999999996,
    0.19584000000000001,
    0.13563999999999998,
    0.14214000000000004,
    0.14201272959257938,
    0.15937999999999997,
    0.13227999999999995,
    0.13382000000000005,
    0.17012000000000005,
    0.12351999999999996,
    0.15581999999999996,
    0.12573999999999996,
    0.13138000000000005,
    0.10665999999999998,
    0.1038,
    0.11443272959257944,
    0.1895,
    0.08498000000000006,
    0.10204000000000002,
    0.12056
  ],
  "acceptance_rates": [
    0.16673076923076924,
    0.16740384615384615,
    0.16571153846153847,
    0.16346153846153846,
    0.1646923076923077,
    0.16596153846153847,
    0.1643653846153846,
    0.16123076923076923,
    0.16234615384615383,
    0.16453846153846155,
    0.16276923076923078,
    0.164,
    0.1686923076923077,
    0.1608653846153846,
    0.16303846153846155,
    0.1641153846153846,
    0.1648076923076923,
    0.16028846153846155,
    0.16959615384615384,
    0.1633653846153846,
    0.1653653846153846,
    0.16382692307692306,
    0.162,
    0.16138461538461538,
    0.1599423076923077,
    0.16557692307692307,
    0.15878846153846154,
    0.16101923076923078,
    0.15673076923076923,
    0.15825,
    0.16315384615384615,
    0.15705769230769231,
    0.161,
    0.16084615384615383,
    0.15853846153846154,
    0.15875,
    0.1588653846153846,
    0.15828846153846154,
    0.15540384615384614,
    0.15821153846153846,
    0.15525,
    0.1574423076923077,
    0.1545576923076923,
    0.15109615384615385,
    0.15384615384615385,
    0.15282692307692308,
    0.14923076923076922,
    0.15721153846153846,
    0.15507692307692308,
    0.1518076923076923,
    0.15111538461538462,
    0.1446923076923077,
    0.15048076923076922,
    0.1544230769230769,
    0.1440576923076923,
    0.14692307692307693,
    0.1546730769230769,
    0.14348076923076922,
    0.1475576923076923,
    0.14792307692307693
  ],
  "final_lambda": [
    2.6184401736818015,
    1.6125946636438595,
    3.121777429979352,
    -3.8455841635887404,
    -3.431404214425361,
    0.05961573022857877,
    3.5218585762715517,
    -2.345857231882685,
    1.508392841269529,
    3.06382600154964,
    1.6377205521840148,
    1.9709684512399726,
    -0.010146949620982858,
    -4.493346738502195,
    0.22797760716785442,
    -0.8589394532521315,
    2.316203598501222,
    3.1204416638595576,
    -1.8572314514721198,
    -3.6192265184282886,
    -2.170292531875179,
    -0.8028639054886753,
    3.1258946927157147,
    -3.879030850270891,
    -3.569074722606507,
    3.566906466697393,
    2.6286259710189017,
    3.3055339159508503,
    0.6664695226916602,
    -2.5199702020868426,
    3.282650942306019,
    3.2259147854710375,
    -0.4540426174862442,
    2.703897644045698,
    -2.1384337328621474,
    -2.469933625473533,
    -2.885660429808305,
    -2.70607763945929,
    -2.1971618158936317,
    -1.4194161020156115,
    -1.0083013284903595,
    -1.3786535456449378,
    -2.106701431875314,
    -3.7227034289424488,
    -4.866611724365568,
    -4.866703068505757,
    -4.885026562908035,
    -3.532545532072873,
    -2.3682607599780523,
    1.1237320438104212,
    0.826780302043235,
    -3.8992371194460107,
    -1.086448804008851,
    -4.815647391328198,
    -2.4682134834191327,
    -1.5096654639594884
  ],
  "mh_diagnostics": {
    "n_samples_full": 500000,
    "n_samples_saved": 25000,
    "ess_min": 3527.778997213721,
    "ess_mean": 7252.839198885663,
    "ess_r_control": 4122.706397123493,
    "tau_r_control": 121.27955566975653,
    "ess_efficiency": 0.007055557994427442
  }
}