{
  "races": [
    "AL_Senate",
    "AK_Senate",
    "AR_Senate",
    "CO_Senate",
    "DE_Senate",
    "GA_Senate",
    "ID_Senate",
    "IL_Senate",
    "IA_Senate",
    "KS_Senate",
    "KY_Senate",
    "LA_Senate",
    "ME_Senate",
    "MA_Senate",
    "MI_Senate",
    "MN_Senate",
    "MS_Senate",
    "MT_Senate",
    "NE_Senate",
    "NH_Senate",
    "NJ_Senate",
    "NM_Senate",
    "NC_Senate",
    "OK_Senate",
    "OR_Senate",
    "RI_Senate",
    "SC_Senate",
    "SD_Senate",
    "TN_Senate",
    "TX_Senate",
    "VA_Senate",
    "WV_Senate",
    "WY_Senate",
    "OH_Senate_Special",
    "FL_Senate_Special"
  ],
  "marginals": {
    "AL_Senate": {
      "R": 0.961048,
      "D": 0.03895199999999999
    },
    "AK_Senate": {
      "R": 0.671354,
      "D": 0.328646
    },
    "AR_Senate": {
      "R": 0.972702,
      "D": 0.027298000000000044
    },
    "CO_Senate": {
      "R": 0.0118,
      "D": 0.9882
    },
    "DE_Senate": {
      "R": 0.019278,
      "D": 0.980722
    },
    "GA_Senate": {
      "R": 0.172484,
      "D": 0.827516
    },
    "ID_Senate": {
      "R": 0.974152,
      "D": 0.025847999999999982
    },
    "IL_Senate": {
      "R": 0.057934,
      "D": 0.942066
    },
    "IA_Senate": {
      "R": 0.59791,
      "D": 0.40208999999999995
    },
    "KS_Senate": {
      "R": 0.871642,
      "D": 0.12835799999999997
    },
    "KY_Senate": {
      "R": 0.929974,
      "D": 0.07002600000000003
    },
    "LA_Senate": {
      "R": 0.936356,
      "D": 0.06364400000000003
    },
    "ME_Senate": {
      "R": 0.348014,
      "D": 0.651986
    },
    "MA_Senate": {
      "R": 0.009668,
      "D": 0.990332
    },
    "MI_Senate": {
      "R": 0.300252,
      "D": 0.699748
    },
    "MN_Senate": {
      "R": 0.184712,
      "D": 0.815288
    },
    "MS_Senate": {
      "R": 0.947992,
      "D": 0.052008000000000054
    },
    "MT_Senate": {
      "R": 0.906826,
      "D": 0.09317399999999998
    },
    "NE_Senate": {
      "R": 0.52062,
      "D": 0.47938000000000003
    },
    "NH_Senate": {
      "R": 0.08722,
      "D": 0.91278
    },
    "NJ_Senate": {
      "R": 0.035518,
      "D": 0.964482
    },
    "NM_Senate": {
      "R": 0.064282,
      "D": 0.935718
    },
    "NC_Senate": {
      "R": 0.242692,
      "D": 0.757308
    },
    "OK_Senate": {
      "R": 0.969426,
      "D": 0.03057399999999999
    },
    "OR_Senate": {
      "R": 0.015562,
      "D": 0.984438
    },
    "RI_Senate": {
      "R": 0.016908,
      "D": 0.983092
    },
    "SC_Senate": {
      "R": 0.940796,
      "D": 0.059204000000000034
    },
    "SD_Senate": {
      "R": 0.954102,
      "D": 0.045897999999999994
    },
    "TN_Senate": {
      "R": 0.972414,
      "D": 0.027586
    },
    "TX_Senate": {
      "R": 0.719164,
      "D": 0.280836
    },
    "VA_Senate": {
      "R": 0.049288,
      "D": 0.950712
    },
    "WV_Senate": {
      "R": 0.97102,
      "D": 0.028980000000000006
    },
    "WY_Senate": {
      "R": 0.971412,
      "D": 0.028587999999999947
    },
    "OH_Senate_Special": {
      "R": 0.635334,
      "D": 0.36466600000000005
    },
    "FL_Senate_Special": {
      "R": 0.863418,
      "D": 0.13658199999999998
    }
  },
  "aggregate": {
    "expected_r_wins": 18.903274,
    "p_r_control": 0.526044,
    "p_d_control": 0.473956,
    "baseline": {
      "D": 34,
      "R": 31
    }
  },
  "metadata": {
    "n_samples": 500000,
    "max_error": 0.10888656304577399,
    "generated_at": "2026-01-05T16:09:20.964334",
    "snapshot_timestamp": "2026-01-04T19:59:30.270748",
    "seed": 42,
    "iterations": 60,
    "mean_acceptance_rate": 0.21463333333333331,
    "converged": false,
    "learning_rate": 0.05,
    "regularization": 0.1,
    "burn_in": 2000,
    "samples_per_iter": 50000
  },
  "markets": [
    {
      "slug": "what-will-be-the-balance-of-power-i-QZ6sdPtE2U",
      "name": "Balance of Power (partial)",
      "question": "What will be the balance of power in Congress after the 2026 midterms?",
      "type": "joint_control",
      "url": "https://manifold.markets/questions/what-will-be-the-balance-of-power-i-QZ6sdPtE2U",
      "uniqueBettorCount": 59,
      "volume": 26062.340815431817,
      "totalLiquidity": 1000,
      "related_races": [],
      "prices": {
        "Democratic House and Senate": 0.28927979732167636,
        "Democratic House, Republican Senate": 0.5719852067828025,
        "Republican House, Democratic Senate": 0.012364025296033879,
        "Republican House and Senate": 0.12046765303951261,
        "Other": 0.005903317559974746
      }
    },
    {
      "slug": "will-a-republican-win-in-the-follow",
      "name": "Senate Omnibus (R wins)",
      "question": "Will a Republican win in the following US Senate 2026 elections?",
      "type": "multi_race",
      "url": "https://manifold.markets/questions/will-a-republican-win-in-the-follow",
      "uniqueBettorCount": 59,
      "volume": 24416.52779935483,
      "totalLiquidity": 3350,
      "related_races": [
        "NJ_Senate",
        "KY_Senate",
        "LA_Senate",
        "IL_Senate",
        "ID_Senate",
        "OK_Senate",
        "SC_Senate",
        "IA_Senate",
        "VA_Senate",
        "KS_Senate",
        "AK_Senate",
        "MT_Senate",
        "FL_Senate_Special",
        "NE_Senate",
        "AR_Senate",
        "MA_Senate",
        "DE_Senate",
        "NM_Senate",
        "CO_Senate",
        "TX_Senate",
        "AL_Senate",
        "MS_Senate",
        "TN_Senate",
        "WV_Senate",
        "SD_Senate",
        "MI_Senate",
        "OH_Senate_Special",
        "MN_Senate",
        "NH_Senate",
        "NC_Senate",
        "RI_Senate",
        "WY_Senate",
        "OR_Senate",
        "ME_Senate",
        "GA_Senate"
      ],
      "prices": {
        "Alabama": 0.9658578671843443,
        "Alaska": 0.6763633547286398,
        "Arkansas": 0.9754862768381256,
        "Colorado": 0.017598526822401952,
        "Delaware": 0.025311699722450908,
        "Georgia": 0.20054768631014494,
        "Idaho": 0.9810590136620309,
        "Illinois": 0.06231935211572974,
        "Iowa": 0.6174445268293118,
        "Kansas": 0.8830534719950847,
        "Kentucky": 0.9401527096598409,
        "Louisiana": 0.950206309260049,
        "Maine": 0.35916240693097523,
        "Massachusetts": 0.010065431401425962,
        "Michigan": 0.3575770403773462,
        "Minnesota": 0.19216208270201116,
        "Mississippi": 0.9590163366662415,
        "Montana": 0.9145459918911157,
        "Nebraska": 0.5277094731584738,
        "New Hampshire": 0.08975062713628464,
        "New Jersey": 0.04205278387557052,
        "New Mexico": 0.07209594753968,
        "North Carolina": 0.25,
        "Oklahoma": 0.9757559004105093,
        "Oregon": 0.017118316825172307,
        "Rhode Island": 0.02221584494786302,
        "South Carolina": 0.9478942756879027,
        "South Dakota": 0.9661380476864129,
        "Tennessee": 0.9782739359565569,
        "Texas": 0.6908605251967537,
        "Virginia": 0.05279300217094427,
        "West Virginia": 0.977542465848899,
        "Wyoming": 0.9770264066205399,
        "Ohio (Special)": 0.5592555149686806,
        "Florida (Special)": 0.8656626479312848
      }
    },
    {
      "slug": "will-republicans-win-the-senate-in-738388924521",
      "name": "R Senate Control",
      "question": "Will Republicans win the Senate in the 2026 elections?",
      "type": "control",
      "url": "https://manifold.markets/questions/will-republicans-win-the-senate-in-738388924521",
      "uniqueBettorCount": 45,
      "volume": 14907.100997734513,
      "totalLiquidity": 500,
      "related_races": [],
      "prices": {
        "YES": 0.6848426908956714,
        "NO": 0.3151573091043286
      }
    },
    {
      "slug": "what-will-be-the-tipping-point-sena",
      "name": "Senate Tipping Point",
      "question": "What will be the tipping point Senate seat for Democrats in the 2026 elections?",
      "type": "tipping_point",