{
  "races": [
    "AL_Senate",
    "AK_Senate",
    "AR_Senate",
    "CO_Senate",
    "DE_Senate",
    "GA_Senate",
    "ID_Senate",
    "IL_Senate",
    "IA_Senate",
    "KS_Senate",
    "KY_Senate",
    "LA_Senate",
    "ME_Senate",
    "MA_Senate",
    "MI_Senate",
    "MN_Senate",
    "MS_Senate",
    "MT_Senate",
    "NE_Senate",
    "NH_Senate",
    "NJ_Senate",
    "NM_Senate",
    "NC_Senate",
    "OK_Senate",
    "OR_Senate",
    "RI_Senate",
    "SC_Senate",
    "SD_Senate",
    "TN_Senate",
    "TX_Senate",
    "VA_Senate",
    "WV_Senate",
    "WY_Senate",
    "OH_Senate_Special",
    "FL_Senate_Special"
  ],
  "marginals": {
    "AL_Senate": {
      "R": 0.94719,
      "D": 0.052810000000000024
    },
    "AK_Senate": {
      "R": 0.62909,
      "D": 0.37090999999999996
    },
    "AR_Senate": {
      "R": 0.9636,
      "D": 0.03639999999999999
    },
    "CO_Senate": {
      "R": 0.02853,
      "D": 0.9714700000000001
    },
    "DE_Senate": {
      "R": 0.01037,
      "D": 0.98963
    },
    "GA_Senate": {
      "R": 0.16365,
      "D": 0.83635
    },
    "ID_Senate": {
      "R": 0.94404,
      "D": 0.05596000000000001
    },
    "IL_Senate": {
      "R": 0.03845,
      "D": 0.96155
    },
    "IA_Senate": {
      "R": 0.71336,
      "D": 0.28664
    },
    "KS_Senate": {
      "R": 0.92747,
      "D": 0.07252999999999998
    },
    "KY_Senate": {
      "R": 0.90449,
      "D": 0.09550999999999998
    },
    "LA_Senate": {
      "R": 0.95003,
      "D": 0.04996999999999996
    },
    "ME_Senate": {
      "R": 0.31096,
      "D": 0.68904
    },
    "MA_Senate": {
      "R": 0.01271,
      "D": 0.98729
    },
    "MI_Senate": {
      "R": 0.10356,
      "D": 0.89644
    },
    "MN_Senate": {
      "R": 0.06717,
      "D": 0.93283
    },
    "MS_Senate": {
      "R": 0.94784,
      "D": 0.052159999999999984
    },
    "MT_Senate": {
      "R": 0.95797,
      "D": 0.04203000000000001
    },
    "NE_Senate": {
      "R": 0.75679,
      "D": 0.24321000000000004
    },
    "NH_Senate": {
      "R": 0.11824,
      "D": 0.88176
    },
    "NJ_Senate": {
      "R": 0.05479,
      "D": 0.94521
    },
    "NM_Senate": {
      "R": 0.07843,
      "D": 0.92157
    },
    "NC_Senate": {
      "R": 0.1357,
      "D": 0.8643000000000001
    },
    "OK_Senate": {
      "R": 0.94847,
      "D": 0.051529999999999965
    },
    "OR_Senate": {
      "R": 0.01826,
      "D": 0.9817400000000001
    },
    "RI_Senate": {
      "R": 0.03916,
      "D": 0.96084
    },
    "SC_Senate": {
      "R": 0.95005,
      "D": 0.04995000000000005
    },
    "SD_Senate": {
      "R": 0.95911,
      "D": 0.04088999999999998
    },
    "TN_Senate": {
      "R": 0.94997,
      "D": 0.05003000000000002
    },
    "TX_Senate": {
      "R": 0.6763,
      "D": 0.3237
    },
    "VA_Senate": {
      "R": 0.08508,
      "D": 0.91492
    },
    "WV_Senate": {
      "R": 0.96198,
      "D": 0.038020000000000054
    },
    "WY_Senate": {
      "R": 0.9568,
      "D": 0.043200000000000016
    },
    "OH_Senate_Special": {
      "R": 0.4636,
      "D": 0.5364
    },
    "FL_Senate_Special": {
      "R": 0.88003,
      "D": 0.11997000000000002
    }
  },
  "aggregate": {
    "expected_r_wins": 18.65324,
    "p_r_control": 0.473,
    "p_d_control": 0.527,
    "baseline": {
      "D": 34,
      "R": 31
    }
  },
  "metadata": {
    "n_samples": 100000,
    "max_error": 0.02912999999999999
  }
}