{
  "races": [
    "AL_Senate",
    "AK_Senate",
    "AR_Senate",
    "CO_Senate",
    "DE_Senate",
    "GA_Senate",
    "ID_Senate",
    "IL_Senate",
    "IA_Senate",
    "KS_Senate",
    "KY_Senate",
    "LA_Senate",
    "ME_Senate",
    "MA_Senate",
    "MI_Senate",
    "MN_Senate",
    "MS_Senate",
    "MT_Senate",
    "NE_Senate",
    "NH_Senate",
    "NJ_Senate",
    "NM_Senate",
    "NC_Senate",
    "OK_Senate",
    "OR_Senate",
    "RI_Senate",
    "SC_Senate",
    "SD_Senate",
    "TN_Senate",
    "TX_Senate",
    "VA_Senate",
    "WV_Senate",
    "WY_Senate",
    "OH_Senate_Special",
    "FL_Senate_Special"
  ],
  "marginals": {
    "AL_Senate": {
      "R": 0.96434,
      "D": 0.035660000000000025
    },
    "AK_Senate": {
      "R": 0.6557,
      "D": 0.34430000000000005
    },
    "AR_Senate": {
      "R": 0.96224,
      "D": 0.037760000000000016
    },
    "CO_Senate": {
      "R": 0.0125,
      "D": 0.9875
    },
    "DE_Senate": {
      "R": 0.01788,
      "D": 0.98212
    },
    "GA_Senate": {
      "R": 0.15496,
      "D": 0.84504
    },
    "ID_Senate": {
      "R": 0.97836,
      "D": 0.021639999999999993
    },
    "IL_Senate": {
      "R": 0.04966,
      "D": 0.95034
    },
    "IA_Senate": {
      "R": 0.59914,
      "D": 0.40086
    },
    "KS_Senate": {
      "R": 0.85496,
      "D": 0.14503999999999995
    },
    "KY_Senate": {
      "R": 0.92336,
      "D": 0.07664000000000004
    },
    "LA_Senate": {
      "R": 0.93772,
      "D": 0.06228
    },
    "ME_Senate": {
      "R": 0.3383,
      "D": 0.6617
    },
    "MA_Senate": {
      "R": 0.00956,
      "D": 0.99044
    },
    "MI_Senate": {
      "R": 0.28358,
      "D": 0.7164200000000001
    },
    "MN_Senate": {
      "R": 0.19948,
      "D": 0.80052
    },
    "MS_Senate": {
      "R": 0.94572,
      "D": 0.054279999999999995
    },
    "MT_Senate": {
      "R": 0.9032,
      "D": 0.0968
    },
    "NE_Senate": {
      "R": 0.47294,
      "D": 0.52706
    },
    "NH_Senate": {
      "R": 0.08372,
      "D": 0.91628
    },
    "NJ_Senate": {
      "R": 0.03406,
      "D": 0.96594
    },
    "NM_Senate": {
      "R": 0.0547,
      "D": 0.9453
    },
    "NC_Senate": {
      "R": 0.25298,
      "D": 0.74702
    },
    "OK_Senate": {
      "R": 0.97386,
      "D": 0.026140000000000052
    },
    "OR_Senate": {
      "R": 0.00792,
      "D": 0.99208
    },
    "RI_Senate": {
      "R": 0.01884,
      "D": 0.98116
    },
    "SC_Senate": {
      "R": 0.9393,
      "D": 0.060699999999999976
    },
    "SD_Senate": {
      "R": 0.95136,
      "D": 0.04864000000000002
    },
    "TN_Senate": {
      "R": 0.96246,
      "D": 0.03754000000000002
    },
    "TX_Senate": {
      "R": 0.71384,
      "D": 0.28615999999999997
    },
    "VA_Senate": {
      "R": 0.03512,
      "D": 0.96488
    },
    "WV_Senate": {
      "R": 0.97408,
      "D": 0.025920000000000054
    },
    "WY_Senate": {
      "R": 0.97092,
      "D": 0.029079999999999995
    },
    "OH_Senate_Special": {
      "R": 0.61702,
      "D": 0.38298
    },
    "FL_Senate_Special": {
      "R": 0.8415,
      "D": 0.15849999999999997
    }
  },
  "aggregate": {
    "expected_r_wins": 18.69528,
    "p_r_control": 0.5102,
    "p_d_control": 0.4898,
    "baseline": {
      "D": 34,
      "R": 31
    }
  },
  "metadata": {
    "n_samples": 50000,
    "max_error": 0.11654656304577399,
    "generated_at": "2026-01-05T00:02:21.651181",
    "snapshot_timestamp": "2026-01-04T19:59:30.270748",
    "seed": 42,
    "iterations": 60,
    "mean_acceptance_rate": 0.2017201923076923,
    "converged": false,
    "learning_rate": 0.05,
    "regularization": 0.1,
    "burn_in": 2000,
    "samples_per_iter": 50000
  },
  "markets": [
    {
      "slug": "what-will-be-the-balance-of-power-i-QZ6sdPtE2U",
      "name": "Balance of Power (partial)",
      "question": "What will be the balance of power in Congress after the 2026 midterms?",
      "type": "joint_control",
      "url": "https://manifold.markets/questions/what-will-be-the-balance-of-power-i-QZ6sdPtE2U",
      "uniqueBettorCount": 59,
      "volume": 26062.340815431817,
      "totalLiquidity": 1000,
      "related_races": [],
      "prices": {
        "Democratic House and Senate": 0.28927979732167636,
        "Democratic House, Republican Senate": 0.5719852067828025,
        "Republican House, Democratic Senate": 0.012364025296033879,
        "Republican House and Senate": 0.12046765303951261,
        "Other": 0.005903317559974746
      }
    },
    {
      "slug": "will-a-republican-win-in-the-follow",
      "name": "Senate Omnibus (R wins)",
      "question": "Will a Republican win in the following US Senate 2026 elections?",
      "type": "multi_race",
      "url": "https://manifold.markets/questions/will-a-republican-win-in-the-follow",
      "uniqueBettorCount": 59,
      "volume": 24416.52779935483,
      "totalLiquidity": 3350,
      "related_races": [
        "FL_Senate_Special",
        "MA_Senate",
        "KY_Senate",
        "MS_Senate",
        "AL_Senate",
        "IA_Senate",
        "KS_Senate",
        "NJ_Senate",
        "WY_Senate",
        "NE_Senate",
        "CO_Senate",
        "SC_Senate",
        "SD_Senate",
        "TN_Senate",
        "ID_Senate",
        "AK_Senate",
        "NM_Senate",
        "NH_Senate",
        "NC_Senate",
        "LA_Senate",
        "IL_Senate",
        "OH_Senate_Special",
        "TX_Senate",
        "VA_Senate",
        "OK_Senate",
        "DE_Senate",
        "MI_Senate",
        "MN_Senate",
        "AR_Senate",
        "GA_Senate",
        "MT_Senate",
        "WV_Senate",
        "ME_Senate",
        "OR_Senate",
        "RI_Senate"
      ],
      "prices": {
        "Alabama": 0.9658578671843443,
        "Alaska": 0.6763633547286398,
        "Arkansas": 0.9754862768381256,
        "Colorado": 0.017598526822401952,
        "Delaware": 0.025311699722450908,
        "Georgia": 0.20054768631014494,
        "Idaho": 0.9810590136620309,
        "Illinois": 0.06231935211572974,
        "Iowa": 0.6174445268293118,
        "Kansas": 0.8830534719950847,
        "Kentucky": 0.9401527096598409,
        "Louisiana": 0.950206309260049,
        "Maine": 0.35916240693097523,
        "Massachusetts": 0.010065431401425962,
        "Michigan": 0.3575770403773462,
        "Minnesota": 0.19216208270201116,
        "Mississippi": 0.9590163366662415,
        "Montana": 0.9145459918911157,
        "Nebraska": 0.5277094731584738,
        "New Hampshire": 0.08975062713628464,
        "New Jersey": 0.04205278387557052,
        "New Mexico": 0.07209594753968,
        "North Carolina": 0.25,
        "Oklahoma": 0.9757559004105093,
        "Oregon": 0.017118316825172307,
        "Rhode Island": 0.02221584494786302,
        "South Carolina": 0.9478942756879027,
        "South Dakota": 0.9661380476864129,
        "Tennessee": 0.9782739359565569,
        "Texas": 0.6908605251967537,
        "Virginia": 0.05279300217094427,
        "West Virginia": 0.977542465848899,
        "Wyoming": 0.9770264066205399,
        "Ohio (Special)": 0.5592555149686806,
        "Florida (Special)": 0.8656626479312848
      }
    },
    {
      "slug": "will-republicans-win-the-senate-in-738388924521",
      "name": "R Senate Control",
      "question": "Will Republicans win the Senate in the 2026 elections?",
      "type": "control",
      "url": "https://manifold.markets/questions/will-republicans-win-the-senate-in-738388924521",
      "uniqueBettorCount": 45,
      "volume": 14907.100997734513,
      "totalLiquidity": 500,
      "related_races": [],
      "prices": {
        "YES": 0.6848426908956714,
        "NO": 0.3151573091043286
      }
    },
    {
      "slug": "how-many-seats-will-the-democrats-h",
      "name": "Dem Senate Seats",
      "question": "How many seats will the Democrats hold in the U.S. Senate after the 2026 Midterm Election?",
      "type": "seat_count",
      "url": "https://manifold.markets/questions/how-many-seats-will-the-democrats-h",