{
  "races": [
    "AL_Senate",
    "AK_Senate",
    "AR_Senate",
    "CO_Senate",
    "DE_Senate",
    "GA_Senate",
    "ID_Senate",
    "IL_Senate",
    "IA_Senate",
    "KS_Senate",
    "KY_Senate",
    "LA_Senate",
    "ME_Senate",
    "MA_Senate",
    "MI_Senate",
    "MN_Senate",
    "MS_Senate",
    "MT_Senate",
    "NE_Senate",
    "NH_Senate",
    "NJ_Senate",
    "NM_Senate",
    "NC_Senate",
    "OK_Senate",
    "OR_Senate",
    "RI_Senate",
    "SC_Senate",
    "SD_Senate",
    "TN_Senate",
    "TX_Senate",
    "VA_Senate",
    "WV_Senate",
    "WY_Senate",
    "OH_Senate_Special",
    "FL_Senate_Special"
  ],
  "marginals": {
    "AL_Senate": {
      "R": 0.9542666666666667,
      "D": 0.04573333333333329
    },
    "AK_Senate": {
      "R": 0.6149333333333333,
      "D": 0.38506666666666667
    },
    "AR_Senate": {
      "R": 0.9522333333333334,
      "D": 0.047766666666666624
    },
    "CO_Senate": {
      "R": 0.03506666666666667,
      "D": 0.9649333333333333
    },
    "DE_Senate": {
      "R": 0.022133333333333335,
      "D": 0.9778666666666667
    },
    "GA_Senate": {
      "R": 0.17623333333333333,
      "D": 0.8237666666666666
    },
    "ID_Senate": {
      "R": 0.9693666666666667,
      "D": 0.03063333333333329
    },
    "IL_Senate": {
      "R": 0.04473333333333333,
      "D": 0.9552666666666667
    },
    "IA_Senate": {
      "R": 0.7132666666666667,
      "D": 0.2867333333333333
    },
    "KS_Senate": {
      "R": 0.9273,
      "D": 0.07269999999999999
    },
    "KY_Senate": {
      "R": 0.8891666666666667,
      "D": 0.11083333333333334
    },
    "LA_Senate": {
      "R": 0.9273,
      "D": 0.07269999999999999
    },
    "ME_Senate": {
      "R": 0.28303333333333336,
      "D": 0.7169666666666666
    },
    "MA_Senate": {
      "R": 0.0047666666666666664,
      "D": 0.9952333333333333
    },
    "MI_Senate": {
      "R": 0.09113333333333333,
      "D": 0.9088666666666667
    },
    "MN_Senate": {
      "R": 0.0702,
      "D": 0.9298
    },
    "MS_Senate": {
      "R": 0.9477,
      "D": 0.05230000000000001
    },
    "MT_Senate": {
      "R": 0.9766333333333334,
      "D": 0.023366666666666647
    },
    "NE_Senate": {
      "R": 0.7421666666666666,
      "D": 0.25783333333333336
    },
    "NH_Senate": {
      "R": 0.11826666666666667,
      "D": 0.8817333333333334
    },
    "NJ_Senate": {
      "R": 0.03646666666666667,
      "D": 0.9635333333333334
    },
    "NM_Senate": {
      "R": 0.0643,
      "D": 0.9357
    },
    "NC_Senate": {
      "R": 0.12283333333333334,
      "D": 0.8771666666666667
    },
    "OK_Senate": {
      "R": 0.9502666666666667,
      "D": 0.049733333333333296
    },
    "OR_Senate": {
      "R": 0.029433333333333332,
      "D": 0.9705666666666667
    },
    "RI_Senate": {
      "R": 0.0236,
      "D": 0.9764
    },
    "SC_Senate": {
      "R": 0.9520333333333333,
      "D": 0.04796666666666671
    },
    "SD_Senate": {
      "R": 0.9611,
      "D": 0.038900000000000046
    },
    "TN_Senate": {
      "R": 0.9482,
      "D": 0.05179999999999996
    },
    "TX_Senate": {
      "R": 0.6973,
      "D": 0.30269999999999997
    },
    "VA_Senate": {
      "R": 0.09263333333333333,
      "D": 0.9073666666666667
    },
    "WV_Senate": {
      "R": 0.9508666666666666,
      "D": 0.04913333333333336
    },
    "WY_Senate": {
      "R": 0.9398333333333333,
      "D": 0.0601666666666667
    },
    "OH_Senate_Special": {
      "R": 0.48706666666666665,
      "D": 0.5129333333333334
    },
    "FL_Senate_Special": {
      "R": 0.8612333333333333,
      "D": 0.1387666666666667
    }
  },
  "aggregate": {
    "expected_r_wins": 18.577066666666667,
    "p_r_control": 0.44889999999999997,
    "p_d_control": 0.5511,
    "baseline": {
      "D": 34,
      "R": 31
    }
  },
  "metadata": {
    "n_samples": 30000,
    "max_error": 0.02929053165917328
  },
  "markets": [
    {
      "slug": "will-a-republican-win-in-the-follow",
      "name": "Senate Omnibus (R wins)",
      "question": "Will a Republican win in the following US Senate 2026 elections?",
      "type": "multi_race",
      "url": "https://manifold.markets/questions/will-a-republican-win-in-the-follow",
      "uniqueBettorCount": 58,
      "volume": 21606.396321246404,
      "totalLiquidity": 3350,
      "related_races": [
        "TN_Senate",
        "WV_Senate",
        "LA_Senate",
        "MI_Senate",
        "NH_Senate",
        "OR_Senate",
        "AL_Senate",
        "OK_Senate",
        "SD_Senate",
        "FL_Senate_Special",
        "IL_Senate",
        "NE_Senate",
        "AR_Senate",
        "MS_Senate",
        "DE_Senate",
        "GA_Senate",
        "MT_Senate",
        "ME_Senate",
        "SC_Senate",
        "MA_Senate",
        "WY_Senate",
        "VA_Senate",
        "OH_Senate_Special",
        "NC_Senate",
        "NM_Senate",
        "TX_Senate",
        "NJ_Senate",
        "CO_Senate",
        "KS_Senate",
        "ID_Senate",
        "IA_Senate",
        "KY_Senate",
        "AK_Senate",
        "MN_Senate",
        "RI_Senate"
      ]
    },
    {
      "slug": "will-republicans-win-the-senate-in-738388924521",
      "name": "R Senate Control",
      "question": "Will Republicans win the Senate in the 2026 elections?",
      "type": "control",
      "url": "https://manifold.markets/questions/will-republicans-win-the-senate-in-738388924521",
      "uniqueBettorCount": 45,
      "volume": 14907.100997734513,
      "totalLiquidity": 500,
      "related_races": []
    }
  ]
}