{
  "races": [
    "AL_Senate",
    "AK_Senate",
    "AR_Senate",
    "CO_Senate",
    "DE_Senate",
    "GA_Senate",
    "ID_Senate",
    "IL_Senate",
    "IA_Senate",
    "KS_Senate",
    "KY_Senate",
    "LA_Senate",
    "ME_Senate",
    "MA_Senate",
    "MI_Senate",
    "MN_Senate",
    "MS_Senate",
    "MT_Senate",
    "NE_Senate",
    "NH_Senate",
    "NJ_Senate",
    "NM_Senate",
    "NC_Senate",
    "OK_Senate",
    "OR_Senate",
    "RI_Senate",
    "SC_Senate",
    "SD_Senate",
    "TN_Senate",
    "TX_Senate",
    "VA_Senate",
    "WV_Senate",
    "WY_Senate",
    "OH_Senate_Special",
    "FL_Senate_Special"
  ],
  "marginals": {
    "AL_Senate": {
      "R": 0.959726,
      "D": 0.04027400000000003
    },
    "AK_Senate": {
      "R": 0.655584,
      "D": 0.34441600000000006
    },
    "AR_Senate": {
      "R": 0.970798,
      "D": 0.02920199999999995
    },
    "CO_Senate": {
      "R": 0.009622,
      "D": 0.990378
    },
    "DE_Senate": {
      "R": 0.017644,
      "D": 0.982356
    },
    "GA_Senate": {
      "R": 0.163654,
      "D": 0.836346
    },
    "ID_Senate": {
      "R": 0.977006,
      "D": 0.02299399999999996
    },
    "IL_Senate": {
      "R": 0.049052,
      "D": 0.950948
    },
    "IA_Senate": {
      "R": 0.595654,
      "D": 0.404346
    },
    "KS_Senate": {
      "R": 0.862888,
      "D": 0.137112
    },
    "KY_Senate": {
      "R": 0.93056,
      "D": 0.06943999999999995
    },
    "LA_Senate": {
      "R": 0.939796,
      "D": 0.060204000000000035
    },
    "ME_Senate": {
      "R": 0.338924,
      "D": 0.661076
    },
    "MA_Senate": {
      "R": 0.00865,
      "D": 0.99135
    },
    "MI_Senate": {
      "R": 0.292608,
      "D": 0.707392
    },
    "MN_Senate": {
      "R": 0.177152,
      "D": 0.822848
    },
    "MS_Senate": {
      "R": 0.953604,
      "D": 0.04639599999999999
    },
    "MT_Senate": {
      "R": 0.897554,
      "D": 0.10244600000000004
    },
    "NE_Senate": {
      "R": 0.50038,
      "D": 0.49961999999999995
    },
    "NH_Senate": {
      "R": 0.077884,
      "D": 0.922116
    },
    "NJ_Senate": {
      "R": 0.032216,
      "D": 0.967784
    },
    "NM_Senate": {
      "R": 0.056648,
      "D": 0.943352
    },
    "NC_Senate": {
      "R": 0.234898,
      "D": 0.765102
    },
    "OK_Senate": {
      "R": 0.9703,
      "D": 0.02969999999999995
    },
    "OR_Senate": {
      "R": 0.011372,
      "D": 0.988628
    },
    "RI_Senate": {
      "R": 0.01356,
      "D": 0.98644
    },
    "SC_Senate": {
      "R": 0.933824,
      "D": 0.06617600000000001
    },
    "SD_Senate": {
      "R": 0.955946,
      "D": 0.04405400000000004
    },
    "TN_Senate": {
      "R": 0.973258,
      "D": 0.026742000000000044
    },
    "TX_Senate": {
      "R": 0.718772,
      "D": 0.28122800000000003
    },
    "VA_Senate": {
      "R": 0.042,
      "D": 0.958
    },
    "WV_Senate": {
      "R": 0.97401,
      "D": 0.025989999999999958
    },
    "WY_Senate": {
      "R": 0.971504,
      "D": 0.028495999999999966
    },
    "OH_Senate_Special": {
      "R": 0.633598,
      "D": 0.366402
    },
    "FL_Senate_Special": {
      "R": 0.854796,
      "D": 0.145204
    }
  },
  "aggregate": {
    "expected_r_wins": 18.755442,
    "p_r_control": 0.5230060000000001,
    "p_d_control": 0.476994,
    "baseline": {
      "D": 34,
      "R": 31
    }
  },
  "metadata": {
    "n_samples": 500000,
    "max_error": 0.11654656304577399,
    "generated_at": "2026-01-05T16:20:39.551592",
    "snapshot_timestamp": "2026-01-04T19:59:30.270748",
    "seed": 42,
    "iterations": 60,
    "mean_acceptance_rate": 0.2017201923076923,
    "converged": false,
    "learning_rate": 0.05,
    "regularization": 0.1,
    "burn_in": 2000,
    "samples_per_iter": 50000
  },
  "markets": [
    {
      "slug": "what-will-be-the-balance-of-power-i-QZ6sdPtE2U",
      "name": "Balance of Power (partial)",
      "question": "What will be the balance of power in Congress after the 2026 midterms?",
      "type": "joint_control",
      "url": "https://manifold.markets/questions/what-will-be-the-balance-of-power-i-QZ6sdPtE2U",
      "uniqueBettorCount": 59,
      "volume": 26062.340815431817,
      "totalLiquidity": 1000,
      "related_races": [],
      "prices": {
        "Democratic House and Senate": 0.28927979732167636,
        "Democratic House, Republican Senate": 0.5719852067828025,
        "Republican House, Democratic Senate": 0.012364025296033879,
        "Republican House and Senate": 0.12046765303951261,
        "Other": 0.005903317559974746
      }
    },
    {
      "slug": "will-a-republican-win-in-the-follow",
      "name": "Senate Omnibus (R wins)",
      "question": "Will a Republican win in the following US Senate 2026 elections?",
      "type": "multi_race",
      "url": "https://manifold.markets/questions/will-a-republican-win-in-the-follow",
      "uniqueBettorCount": 59,
      "volume": 24416.52779935483,
      "totalLiquidity": 3350,
      "related_races": [
        "KS_Senate",
        "KY_Senate",
        "GA_Senate",
        "AL_Senate",
        "AR_Senate",
        "NE_Senate",
        "ID_Senate",
        "WV_Senate",
        "LA_Senate",
        "MI_Senate",
        "MN_Senate",
        "MA_Senate",
        "NJ_Senate",
        "FL_Senate_Special",
        "TX_Senate",
        "SD_Senate",
        "NM_Senate",
        "NC_Senate",
        "NH_Senate",
        "WY_Senate",
        "TN_Senate",
        "MT_Senate",
        "OH_Senate_Special",
        "OR_Senate",
        "IA_Senate",
        "IL_Senate",
        "VA_Senate",
        "RI_Senate",
        "SC_Senate",
        "MS_Senate",
        "DE_Senate",
        "AK_Senate",
        "OK_Senate",
        "CO_Senate",
        "ME_Senate"
      ],
      "prices": {
        "Alabama": 0.9658578671843443,
        "Alaska": 0.6763633547286398,
        "Arkansas": 0.9754862768381256,
        "Colorado": 0.017598526822401952,
        "Delaware": 0.025311699722450908,
        "Georgia": 0.20054768631014494,
        "Idaho": 0.9810590136620309,
        "Illinois": 0.06231935211572974,
        "Iowa": 0.6174445268293118,
        "Kansas": 0.8830534719950847,
        "Kentucky": 0.9401527096598409,
        "Louisiana": 0.950206309260049,
        "Maine": 0.35916240693097523,
        "Massachusetts": 0.010065431401425962,
        "Michigan": 0.3575770403773462,
        "Minnesota": 0.19216208270201116,
        "Mississippi": 0.9590163366662415,
        "Montana": 0.9145459918911157,
        "Nebraska": 0.5277094731584738,
        "New Hampshire": 0.08975062713628464,
        "New Jersey": 0.04205278387557052,
        "New Mexico": 0.07209594753968,
        "North Carolina": 0.25,
        "Oklahoma": 0.9757559004105093,
        "Oregon": 0.017118316825172307,
        "Rhode Island": 0.02221584494786302,
        "South Carolina": 0.9478942756879027,
        "South Dakota": 0.9661380476864129,
        "Tennessee": 0.9782739359565569,
        "Texas": 0.6908605251967537,
        "Virginia": 0.05279300217094427,
        "West Virginia": 0.977542465848899,
        "Wyoming": 0.9770264066205399,
        "Ohio (Special)": 0.5592555149686806,
        "Florida (Special)": 0.8656626479312848
      }
    },
    {
      "slug": "will-republicans-win-the-senate-in-738388924521",
      "name": "R Senate Control",
      "question": "Will Republicans win the Senate in the 2026 elections?",
      "type": "control",
      "url": "https://manifold.markets/questions/will-republicans-win-the-senate-in-738388924521",
      "uniqueBettorCount": 45,
      "volume": 14907.100997734513,
      "totalLiquidity": 500,
      "related_races": [],
      "prices": {
        "YES": 0.6848426908956714,
        "NO": 0.3151573091043286
      }
    },
    {
      "slug": "how-many-seats-will-the-democrats-h",
      "name": "Dem Senate Seats",
      "question": "How many seats will the Democrats hold in the U.S. Senate after the 2026 Midterm Election?",
      "type": "seat_count",